text,subject,type,difficulty,unit,subtopic,marks,options,correctAnswer,explanation,tags,batch,branch,isPYQ,examYear,examName
The accounting equation is stated as:,Financial Accounting,mcq,easy,Journal and Accounting Equation,Accounting Equation and Dual Aspect,1,Assets = Capital - Liabilities|Assets = Liabilities + Capital|Assets + Capital = Liabilities|Capital = Assets + Liabilities,B,Assets equal the sum of outside claims (liabilities) and the owner's claims (capital).,financial,2026-27,B.Com,false,,
Recording a transaction in the journal for the first time is called:,Financial Accounting,mcq,easy,Journal and Accounting Equation,Journalising Transactions,1,Journalising|Ledgerising|Balancing off|Posting,A,The journal is the book of original entry.,financial,2026-27,B.Com,false,,
When cash is received from a customer on account the entry is:,Financial Accounting,mcq,medium,Journal and Accounting Equation,Rules of Debit and Credit,1,Debit Cash and Credit the customer's account|Debit the customer's account and Credit Cash|Debit Cash and Credit Sales|Debit Sales and Credit Cash,A,Cash (asset) increases with a debit and the debtor's claim decreases with a credit.,financial,2026-27,B.Com,false,,
Every transaction affects at least two accounts in equal amounts. This is the:,Financial Accounting,true_false,easy,Journal and Accounting Equation,Accounting Equation and Dual Aspect,1,,True,This is the dual aspect concept of double entry book keeping.,financial,2026-27,B.Com,false,,
State the dual aspect concept of accounting.,Financial Accounting,short_answer,easy,Journal and Accounting Equation,Accounting Equation and Dual Aspect,2,,Every transaction has two equal and opposite effects so two entries (a debit and a credit) are recorded.,,financial,2026-27,B.Com,false,,
The ledger is called the book of:,Financial Accounting,mcq,easy,Ledger and Trial Balance,Ledger Posting and Balancing,1,Cash entry|Original entry|Final entry|Subsidiary entry only,C,The journal records transactions first and the ledger (final entry) groups them by account.,financial,2026-27,B.Com,false,,
The trial balance is prepared mainly to check the:,Financial Accounting,mcq,easy,Ledger and Trial Balance,Trial Balance Preparation,1,Solvency of the business|Efficiency of the staff|Profitability of the business|Arithmetic accuracy of ledger posting,D,Equality of total debits and credits detects one sided and amount errors.,financial,2026-27,B.Com,false,,
A cash account showing a credit balance in the trial balance indicates:,Financial Accounting,mcq,medium,Ledger and Trial Balance,Trial Balance Preparation,1,An overdrawn position|A credit sale|An arithmetical error only|A cash shortage,A,When the bank pays more than the business deposits the cash book balance becomes negative.,financial,2026-27,B.Com,false,,
The trial balance will NOT detect an error of omission. This statement is:,Financial Accounting,true_false,medium,Ledger and Trial Balance,Errors Disclosed and Not Disclosed,1,,True,When a transaction is completely left out both sides stay equal so the trial balance agrees.,financial,2026-27,B.Com,false,,
List any four errors that are not disclosed by the trial balance.,Financial Accounting,short_answer,medium,Ledger and Trial Balance,Errors Disclosed and Not Disclosed,2,,Errors of omission; errors of commission; errors of principle; and compensating errors.,,financial,2026-27,B.Com,false,,
The statement that shows the profit earned from trading is the:,Financial Accounting,mcq,easy,Financial Statements,Trading Account and Gross Profit,1,Balance Sheet|Cash Flow Statement|Profit and Loss Account|Trading Account,D,The trading account computes gross profit from sales and cost of goods sold.,financial,2026-27,B.Com,false,,
Gross profit is calculated as:,Financial Accounting,mcq,easy,Financial Statements,Trading Account and Gross Profit,1,Sales minus drawings|Net sales minus all expenses|Net sales minus cost of goods sold|Revenue plus capital,C,Cost of goods sold = opening stock + purchases + direct expenses - closing stock.,financial,2026-27,B.Com,false,,
Closing stock is shown:,Financial Accounting,mcq,medium,Financial Statements,Balance Sheet Classification,1,Only in the Balance Sheet|Only in the Trading Account|On the credit side of the Trading Account and as current asset in the Balance Sheet|Only in the Profit and Loss Account,C,It is valued for the trading account and reported as a current asset.,financial,2026-27,B.Com,false,,
A current liability such as a creditor is shown on the:,Financial Accounting,mcq,easy,Financial Statements,Balance Sheet Classification,1,Debit side of the Trading Account|Credit side of the P and L Account only|Assets side of the Balance Sheet|Liabilities side of the Balance Sheet,D,Liabilities and capital appear on the liabilities side of the balance sheet.,financial,2026-27,B.Com,false,,
Distinguish between gross profit and net profit.,Financial Accounting,short_answer,medium,Financial Statements,Profit and Loss Account,2,,Gross profit is sales minus cost of goods sold; net profit is gross profit minus operating expenses plus non operating incomes.,,financial,2026-27,B.Com,false,,
A bank reconciliation statement is prepared to reconcile:,Financial Accounting,mcq,easy,Bank Reconciliation and Depreciation,Bank Reconciliation Statement,1,Sales with debtors|Assets with liabilities|The cash book balance with the pass book balance|The trial balance with the balance sheet,C,It explains differences such as cheques not presented and bank charges not recorded.,financial,2026-27,B.Com,false,,
A cheque deposited and recorded in the cash book but not yet cleared by the bank is in the BRS:,Financial Accounting,mcq,hard,Bank Reconciliation and Depreciation,Bank Reconciliation Statement,1,Deducted from the pass book balance|Added to the pass book balance|Ignored completely|Debited in the pass book,B,The pass book has not yet received the credit so it is added to reach the cash book figure.,financial,2026-27,B.Com,false,,
Depreciation is charged because of:,Financial Accounting,mcq,easy,Bank Reconciliation and Depreciation,Depreciation Concepts and Causes,1,Physical wear and tear only|Obsolescence only|The passage of time; wear and tear; and obsolescence|Capital loss only,C,The service potential of a fixed asset falls for all three reasons.,financial,2026-27,B.Com,false,,
Under the straight line method the depreciation charge each year is the same on the original cost.,Financial Accounting,true_false,easy,Bank Reconciliation and Depreciation,Methods of Depreciation,1,,True,A fixed percentage of the original cost is charged until the asset is fully depreciated.,financial,2026-27,B.Com,false,,
State any three methods of providing depreciation.,Financial Accounting,short_answer,medium,Bank Reconciliation and Depreciation,Methods of Depreciation,2,,Straight line method; diminishing balance method; and units of production method.,,financial,2026-27,B.Com,false,,
A valid contract requires:,Commercial Law,mcq,easy,Indian Contract Act,Essentials of a Valid Contract,1,Offer and acceptance only|Free consent; lawful consideration; competent parties; and a lawful object|A written document only|Stamp paper only,B,All the essentials under the Indian Contract Act 1872 must be present together.,commercial,2026-27,B.Com,false,,
Coercion in the Indian Contract Act means:,Commercial Law,mcq,medium,Indian Contract Act,Free Consent and Discharge,1,A written notice|An expression of two or more meanings|Obtaining consent by unlawful pressure or threat|A casual promise,C,Coercion vitiates free consent and makes the contract voidable.,commercial,2026-27,B.Com,false,,
A contract may come to an end by performance; mutual agreement; or lapse of time. This statement is:,Commercial Law,true_false,easy,Indian Contract Act,Free Consent and Discharge,1,,True,These are the standard modes of discharge of a contract.,commercial,2026-27,B.Com,false,,
List the essentials of a valid contract under the Indian Contract Act.,Commercial Law,short_answer,medium,Indian Contract Act,Essentials of a Valid Contract,2,,Offer and acceptance; intention to create legal relation; competent parties; free consent; lawful consideration; lawful object; and it must not be declared void.,,commercial,2026-27,B.Com,false,,
In the absence of a special agreement risk normally follows:,Commercial Law,mcq,medium,Sale of Goods,Goods Risk and Transfer of Property,1,Payment|The invoice date|Delivery|Title,D,Where property passes the loss by destruction falls on the owner even before delivery.,commercial,2026-27,B.Com,false,,
A sale of goods is complete when:,Commercial Law,mcq,easy,Sale of Goods,Sale and Agreement to Sell,1,Property in the goods passes from the seller to the buyer|The goods reach the buyer|The invoice is issued|The full price is paid,A,Transfer of property is the defining moment of sale.,commercial,2026-27,B.Com,false,,
Goods under the Sale of Goods Act include:,Commercial Law,mcq,easy,Sale of Goods,Goods Risk and Transfer of Property,1,Shares in a company|Money only|All movable property other than money and actionable claims|Land and buildings,C,The Act covers movables such as stock and growing crops but not money or intangible claims.,commercial,2026-27,B.Com,false,,
In a sale on approval the buyer may test the goods and return them if not satisfied. This statement is:,Commercial Law,true_false,medium,Sale of Goods,Goods Risk and Transfer of Property,1,,True,Property passes only when the buyer approves or keeps the goods beyond the allowed time.,commercial,2026-27,B.Com,false,,
State the conditions implied under the Sale of Goods Act.,Commercial Law,short_answer,medium,Sale of Goods,Conditions and Warranties,2,,Seller's title; merchantable quality; fitness for the particular purpose; and correspondence with description.,,commercial,2026-27,B.Com,false,,
A cheque is a negotiable instrument under:,Commercial Law,mcq,easy,Negotiable Instruments,Bill of Exchange and Cheque,1,The Negotiable Instruments Act|The Sales Tax Act|The Companies Act|The Indian Contract Act,A,The Negotiable Instruments Act 1881 governs promissory notes; bills of exchange; and cheques.,commercial,2026-27,B.Com,false,,
A bill of exchange is a written instruction:,Commercial Law,mcq,medium,Negotiable Instruments,Bill of Exchange and Cheque,1,From the buyer to the seller|From the bank to the customer only|From the government to the citizen|From the drawer to the drawee to pay a certain sum to the order of a person,D,It involves three parties: the drawer; the drawee; and the payee.,commercial,2026-27,B.Com,false,,
A promissory note is made and signed by the debtor who promises to pay. This statement is:,Commercial Law,true_false,easy,Negotiable Instruments,Promissory Note,1,,True,The maker of a note is the principal debtor and only two parties are involved.,commercial,2026-27,B.Com,false,,
Distinguish between a promissory note and a bill of exchange.,Commercial Law,short_answer,medium,Negotiable Instruments,Promissory Note,2,,A note is a written promise by the maker to pay and has two parties; a bill is a written order from drawer to drawee and has three parties; a note needs no acceptance.,,commercial,2026-27,B.Com,false,,
The Consumer Protection Act 2019 replaced the:,Commercial Law,mcq,easy,Consumer Protection,Consumer Protection Act 2019,1,Contract Act of 1872|Sale of Goods Act of 1930|Companies Act of 2013|Act of 1986,D,The 2019 Act introduced e commerce protection and a three level commission structure.,commercial,2026-27,B.Com,false,,
A dissatisfied consumer may approach the:,Commercial Law,mcq,easy,Consumer Protection,Consumer Disputes Redressal,1,Appropriate Consumer Disputes Redressal Commission|Police station only|A private arbitration tribunal only|Supreme Court only,A,Complaints go to the district; state; or national commission depending on the value of the claim.,commercial,2026-27,B.Com,false,,
Deficiency in service means any fault or lack in the quality or standard of service. This statement is:,Commercial Law,true_false,medium,Consumer Protection,Consumer Disputes Redressal,1,,True,It covers poor quality; delay; and non performance of promised services.,commercial,2026-27,B.Com,false,,
The basic consumer rights include the right to safety; information; choice; and redressal. This statement is:,Commercial Law,true_false,easy,Consumer Protection,Consumer Rights,1,,True,The Act also lists the right to be heard and consumer education.,commercial,2026-27,B.Com,false,,
List any four rights of a consumer under the Consumer Protection Act.,Commercial Law,short_answer,medium,Consumer Protection,Consumer Protection Act 2019,2,,Right to safety; right to be informed; right to choose; right to redressal; right to be heard; and consumer education.,,commercial,2026-27,B.Com,false,,
The probability of an impossible event is:,Business Mathematics,mcq,easy,Probability and Statistics,Probability of Events,1,0.5|-1|1|0,D,An impossible event never occurs so its probability is zero.,business,2026-27,B.Com,false,,
The sum of the probabilities of all outcomes of a random experiment is:,Business Mathematics,mcq,easy,Probability and Statistics,Probability of Events,1,Undefined|0|1|Greater than 1,C,All possible outcomes together are certain so their probabilities add to one.,business,2026-27,B.Com,false,,
The standard deviation is the square root of the:,Business Mathematics,mcq,medium,Probability and Statistics,Measures of Dispersion and Central Tendency,1,Median|Mode|Range|Variance,D,It expresses the average spread of data around the mean in the original units.,business,2026-27,B.Com,false,,
The mean of a grouped frequency distribution can be estimated by the step deviation method. This statement is:,Business Mathematics,true_false,medium,Probability and Statistics,Measures of Dispersion and Central Tendency,1,,True,It is a shortcut of the assumed mean method that works on small coded deviations.,business,2026-27,B.Com,false,,
An index number expresses the:,Business Mathematics,mcq,easy,Index Numbers,Uses and Consumer Price Index,1,Quantity of goods produced|Absolute change in a single item|Relative change in a group of related variables|Only a single price,C,It measures percentage change of a group of prices; quantities; or values against a base period.,business,2026-27,B.Com,false,,
The simple aggregate method of constructing a price index is also called the:,Business Mathematics,mcq,medium,Index Numbers,Construction of Index Numbers,1,Geometric method|Arithmetic method|Weighted method|Fisher method,B,It divides the aggregate of current prices by the aggregate of base prices and multiplies by 100.,business,2026-27,B.Com,false,,
Fishers ideal index number is the geometric mean of the:,Business Mathematics,mcq,medium,Index Numbers,Laspeyres Fisher and Marshalls Indices,1,Laspeyres and Paasche indices|Base year and current year prices|Quantity index and price index|Two aggregate indices,A,It satisfies the time reversal and factor reversal tests.,business,2026-27,B.Com,false,,
A consumer price index is mainly useful for measuring household inflation. This statement is:,Business Mathematics,true_false,easy,Index Numbers,Uses and Consumer Price Index,1,,True,It tracks price changes of a fixed basket of consumer goods and services.,business,2026-27,B.Com,false,,
The four components of a time series are:,Business Mathematics,mcq,easy,Time Series,Components of a Time Series,1,Debit; credit; balance; and total|Input; output; stock; and flow|Trend; seasonal; cyclical; and irregular|Mean; median; mode; and range,C,Any observed value is modeled as a combination of these four forces.,business,2026-27,B.Com,false,,
The long term rising or falling movement in data is called the:,Business Mathematics,mcq,easy,Time Series,Trend and Seasonal Variation,1,Business cycle|Seasonal variation|Trend|Irregular variation,C,It is the secular movement that shows the general direction of the series.,business,2026-27,B.Com,false,,
Seasonal variation is a change within a year that repeats regularly. This statement is:,Business Mathematics,true_false,medium,Time Series,Trend and Seasonal Variation,1,,True,Examples are holiday shopping peaks and monsoon demand patterns.,business,2026-27,B.Com,false,,
The moving average method is used to estimate the:,Business Mathematics,mcq,medium,Time Series,Trend and Seasonal Variation,1,Irregular variation only|Random error only|Trend|Mode,C,Averaging over a window smooths seasonal and irregular fluctuations to reveal the trend.,business,2026-27,B.Com,false,,
In a linear programming problem the objective is to:,Business Mathematics,mcq,easy,Linear Programming,Formulation of an LPP,1,Compute a determinant|Balance the books of account|Maximize or minimize a linear function subject to linear constraints|Solve a quadratic equation,C,Both the objective function and the constraints must be linear.,business,2026-27,B.Com,false,,
The set of all feasible solutions of a linear programming problem is called the:,Business Mathematics,mcq,easy,Linear Programming,Feasible Region and Graphical Method,1,Dual region|Objective region|Feasible region|Shadow region,C,It is the common area satisfying every constraint including non negativity.,business,2026-27,B.Com,false,,
The simplex method moves from one:,Business Mathematics,mcq,hard,Linear Programming,Simplex Method and Slack Variables,1,Center to the edge of the graph|Row to the next column|Random point to another random point|Corner point to an adjacent better corner point,D,An optimum of a linear program always lies at a vertex of the feasible region.,business,2026-27,B.Com,false,,
Slack variables are added to less than or equal to constraints to convert them into equations. This statement is:,Business Mathematics,true_false,medium,Linear Programming,Simplex Method and Slack Variables,1,,True,They represent the unused portion of a scarce resource.,business,2026-27,B.Com,false,,
State the steps of the graphical method for a two variable linear programming problem.,Business Mathematics,short_answer,medium,Linear Programming,Feasible Region and Graphical Method,2,,Plot each constraint line; shade the feasible region; evaluate the objective function at every corner point; and choose the corner that gives the best value.,,business,2026-27,B.Com,false,,
According to the law of demand a rise in price causes the quantity demanded to fall. This statement is:,Economics,true_false,easy,Demand and Supply,Law of Demand,1,,True,The inverse relation holds when other determinants remain unchanged (ceteris paribus).,economics,2026-27,B.Com,false,,
A shift of the demand curve (not a movement along it) is caused by:,Economics,mcq,medium,Demand and Supply,Market Equilibrium and Shifts,1,A change in consumer income|A change in the quantity demanded|A change in the price alone|A change in the own price of the good,A,Income; tastes; prices of related goods; expectations; and the number of buyers shift the curve.,economics,2026-27,B.Com,false,,
When demand rises and supply stays the same the equilibrium price:,Economics,mcq,easy,Demand and Supply,Market Equilibrium and Shifts,1,Falls|Rises|Stays the same|Becomes zero,B,The demand curve shifts right and the intersection moves up along the supply curve.,economics,2026-27,B.Com,false,,
The income method of computing national income adds up:,Economics,mcq,easy,National Income,Methods of Measuring National Income,1,Government debt|The factor incomes of all producers|Final consumer spending|Exports only,B,Wages; rent; interest; and profit are summed to get factor income at factor cost.,economics,2026-27,B.Com,false,,
GNP at market prices equals GDP at factor cost plus net factor income from abroad plus:,Economics,mcq,hard,National Income,GDP GNP and Per Capita Income,1,Indirect taxes minus subsidies|Subsidies minus indirect taxes|Depreciation|Interest on debt,A,Statistical adjustments convert factor cost into market prices.,economics,2026-27,B.Com,false,,
Per capita income is national income divided by the population. This statement is:,Economics,true_false,easy,National Income,GDP GNP and Per Capita Income,1,,True,It is used to compare the average income and living standard across countries.,economics,2026-27,B.Com,false,,
The output method computes national income as the sum of value added at each stage of production. This statement is:,Economics,true_false,medium,National Income,Methods of Measuring National Income,1,,True,Adding value added avoids double counting of intermediate goods.,economics,2026-27,B.Com,false,,
List three problems in the measurement of national income.,Economics,short_answer,medium,National Income,Measurement Problems,2,,Double counting; non monetary transactions such as home work; and the underground economy of unrecorded activity.,,economics,2026-27,B.Com,false,,
The functions of money include:,Economics,mcq,easy,Money and Banking,Functions and Kinds of Money,1,Only lending|Only payment of taxes|Only savings|Medium of exchange; store of value; and unit of account,D,These three are the classic functions recognized in monetary theory.,economics,2026-27,B.Com,false,,
The central bank of India is the:,Economics,mcq,easy,Money and Banking,Central Bank and Commercial Banks,1,State Bank of India|Reserve Bank of India|National Bank for Agriculture and Rural Development|Union Bank of India,B,The RBI acts as banker to the government and to commercial banks.,economics,2026-27,B.Com,false,,
The cash reserve ratio is the fraction of deposits that banks must keep with the RBI as cash. This statement is:,Economics,true_false,medium,Money and Banking,Monetary Policy and Credit Creation,1,,True,Raising the CRR reduces the money banks can lend and tightens liquidity.,economics,2026-27,B.Com,false,,
A country has a comparative advantage when it can produce a good at a:,Economics,mcq,medium,International Trade,Comparative Advantage and Free Trade,1,Higher absolute cost|Lower opportunity cost|Zero cost|Equal cost to others,B,Gains from trade arise from differences in opportunity costs not absolute costs.,economics,2026-27,B.Com,false,,
The main advantage of free trade is:,Economics,mcq,easy,International Trade,Comparative Advantage and Free Trade,1,Higher tariffs on imports|Reduced competition|Protection of infant industries|Efficient allocation of resources and higher consumer welfare,D,Resources move to their most productive use and consumers get variety at lower prices.,economics,2026-27,B.Com,false,,
The balance of payments is in equilibrium when the current account plus the capital account equals zero. This statement is:,Economics,true_false,hard,International Trade,Balance of Payments and Exchange Rates,1,,True,A deficit in one account is financed by a surplus in the other.,economics,2026-27,B.Com,false,,
A depreciation of the rupee makes:,Economics,mcq,medium,International Trade,Balance of Payments and Exchange Rates,1,International trade impossible|Indian exports cheaper for foreign buyers|Imports cheaper for Indians|Both exports and imports cheaper,B,Foreign buyers need fewer of their own currency units for the same rupee price.,economics,2026-27,B.Com,false,,
If assets are 500000 and outside liabilities are 200000 then capital is:,Financial Accounting,mcq,easy,Journal and Accounting Equation,Accounting Equation and Dual Aspect,1,700000|200000|500000|300000,D,Capital = Assets - Liabilities = 500000 - 200000 = 300000.,financial,2026-27,B.Com,false,,
Assets 800000 and Capital 500000 implies liabilities of:,Financial Accounting,mcq,medium,Journal and Accounting Equation,Accounting Equation and Dual Aspect,1,500000|300000|1300000|800000,B,Liabilities = Assets - Capital = 800000 - 500000 = 300000.,financial,2026-27,B.Com,false,,
The accounting equation always stays in balance because every transaction has a dual effect.,Financial Accounting,true_false,easy,Journal and Accounting Equation,Accounting Equation and Dual Aspect,1,,True,Each transaction debits and credits equal amounts.,financial,2026-27,B.Com,false,,
Purchasing goods for cash changes which two elements of the accounting equation?,Financial Accounting,short_answer,medium,Journal and Accounting Equation,Accounting Equation and Dual Aspect,2,,Stock (an asset) increases and cash (an asset) decreases by the same amount so total assets are unchanged.,One asset is exchanged for another.,financial,2026-27,B.Com,false,,
A journal entry that involves more than two accounts is called a:,Financial Accounting,mcq,easy,Journal and Accounting Equation,Journalising Transactions,1,Opening entry|Adjusting entry|Compound entry|Simple entry,C,A compound entry records several debits or credits in one entry.,financial,2026-27,B.Com,false,,
The brief explanation written below a journal entry is called the:,Financial Accounting,mcq,easy,Journal and Accounting Equation,Journalising Transactions,1,Voucher|Narration|Folio|Particulars,B,The narration states why the entry was made.,financial,2026-27,B.Com,false,,
Journal entries are recorded in chronological order.,Financial Accounting,true_false,easy,Journal and Accounting Equation,Journalising Transactions,1,,True,The journal is a day book so entries follow the date of the transaction.,financial,2026-27,B.Com,false,,
State the double entry rule followed while journalising a transaction.,Financial Accounting,short_answer,easy,Journal and Accounting Equation,Journalising Transactions,2,,Debit what comes in or the receiver and credit what goes out or the giver; for every debit there is an equal credit.,,financial,2026-27,B.Com,false,,
An increase in a liability account is recorded as a:,Financial Accounting,mcq,easy,Journal and Accounting Equation,Rules of Debit and Credit,1,Not recorded|Credit|Debit|Either debit or credit,B,Liabilities and capital increase on the credit side.,financial,2026-27,B.Com,false,,
Losses and expenses are always:,Financial Accounting,mcq,easy,Journal and Accounting Equation,Rules of Debit and Credit,1,Capitalised|Debited|Credited|Ignored,B,Expenses reduce capital so they are debited.,financial,2026-27,B.Com,false,,
An increase in an asset is recorded on the debit side of its account.,Financial Accounting,true_false,easy,Journal and Accounting Equation,Rules of Debit and Credit,1,,True,Assets increase by debit and decrease by credit.,financial,2026-27,B.Com,false,,
State the modern rule of debit and credit based on the five groups of accounts.,Financial Accounting,short_answer,medium,Journal and Accounting Equation,Rules of Debit and Credit,2,,Debit increases in assets and expenses and decreases in liabilities capital and income; credit the opposite.,,financial,2026-27,B.Com,false,,
The process of transferring journal entries to the ledger is called:,Financial Accounting,mcq,easy,Ledger and Trial Balance,Ledger Posting and Balancing,1,Balancing|Casting|Posting|Journalising,C,Posting classifies transactions account wise in the ledger.,financial,2026-27,B.Com,false,,
The ledger is also known as the:,Financial Accounting,mcq,easy,Ledger and Trial Balance,Ledger Posting and Balancing,1,Subsidiary book|Memorandum book|Principal book of account|Book of original entry,C,All accounts are finally classified in the ledger.,financial,2026-27,B.Com,false,,
Balancing off an account means finding the difference between its debit and credit totals.,Financial Accounting,true_false,easy,Ledger and Trial Balance,Ledger Posting and Balancing,1,,True,The difference is carried down as the closing balance.,financial,2026-27,B.Com,false,,
What does a debit balance in a personal account indicate?,Financial Accounting,short_answer,medium,Ledger and Trial Balance,Ledger Posting and Balancing,2,,It indicates that the person owes money to the business i.e. a debtor.,,financial,2026-27,B.Com,false,,
A trial balance is prepared from the balances of:,Financial Accounting,mcq,easy,Ledger and Trial Balance,Trial Balance Preparation,1,Subsidiary books only|Ledger accounts|Journal entries|Cash book only,B,It lists every ledger account balance in debit and credit columns.,financial,2026-27,B.Com,false,,
The two sides of a trial balance must always agree in total.,Financial Accounting,true_false,easy,Ledger and Trial Balance,Trial Balance Preparation,1,,True,Equal totals are the arithmetical check on posting.,financial,2026-27,B.Com,false,,
Stock in hand appearing in the trial balance is shown only in the:,Financial Accounting,mcq,medium,Ledger and Trial Balance,Trial Balance Preparation,1,Balance sheet|Trading account|Profit and loss account|Journal,A,Closing stock in the trial balance means it was already adjusted so it appears only as an asset.,financial,2026-27,B.Com,false,,
State the two methods of preparing a trial balance.,Financial Accounting,short_answer,medium,Ledger and Trial Balance,Trial Balance Preparation,2,,The balance method which lists account balances and the totals method which lists debit and credit totals of each account.,,financial,2026-27,B.Com,false,,
Which error IS disclosed by a trial balance?,Financial Accounting,mcq,medium,Ledger and Trial Balance,Errors Disclosed and Not Disclosed,1,Wrong posting to a similar account|Compensating error|Posting only the debit half of an entry|Complete omission of a transaction,C,A one sided error disturbs the equality of the two totals.,financial,2026-27,B.Com,false,,
An error of principle such as treating the purchase of machinery as a purchase of goods is disclosed by the trial balance.,Financial Accounting,true_false,medium,Ledger and Trial Balance,Errors Disclosed and Not Disclosed,1,,False,Both sides are still equal so the trial balance agrees.,financial,2026-27,B.Com,false,,
Where are petty discrepancies temporarily recorded until the cause is found?,Financial Accounting,short_answer,easy,Ledger and Trial Balance,Errors Disclosed and Not Disclosed,2,,In the suspense account.,,financial,2026-27,B.Com,false,,
Distinguish between an error of omission and an error of commission.,Financial Accounting,short_answer,medium,Ledger and Trial Balance,Errors Disclosed and Not Disclosed,2,,An error of omission is not recording a transaction at all while an error of commission is recording it wrongly in amount account or side.,,financial,2026-27,B.Com,false,,
Which expense appears in the trading account?,Financial Accounting,mcq,easy,Financial Statements,Trading Account and Gross Profit,1,Rent of office|Bad debts|Carriage inwards|Office salary,C,Carriage inwards is a direct expense on goods purchased.,financial,2026-27,B.Com,false,,
Gross profit is the excess of:,Financial Accounting,mcq,easy,Financial Statements,Trading Account and Gross Profit,1,Income over all expenses|Assets over liabilities|Net sales over cost of goods sold|Sales over purchases,C,Cost of goods sold is opening stock plus purchases plus direct expenses less closing stock.,financial,2026-27,B.Com,false,,
The trading account shows the operating expenses of the business.,Financial Accounting,true_false,easy,Financial Statements,Trading Account and Gross Profit,1,,False,Indirect and operating expenses go to the profit and loss account.,financial,2026-27,B.Com,false,,
State the formula for cost of goods sold.,Financial Accounting,short_answer,easy,Financial Statements,Trading Account and Gross Profit,2,,Opening stock plus purchases plus direct expenses minus closing stock.,,financial,2026-27,B.Com,false,,
Net profit is transferred to which account?,Financial Accounting,mcq,easy,Financial Statements,Profit and Loss Account,1,Reserve account|Capital account|Drawings account|Trading account,B,Net profit increases the proprietor's capital.,financial,2026-27,B.Com,false,,
Office salaries are classified in the profit and loss account as:,Financial Accounting,mcq,medium,Financial Statements,Profit and Loss Account,1,Capital expenditure|Indirect expenses|Direct expenses|Cost of goods sold,B,They are administrative expenses not linked to production.,financial,2026-27,B.Com,false,,
The profit and loss account is prepared for a period whereas the balance sheet is prepared as on a date.,Financial Accounting,true_false,easy,Financial Statements,Profit and Loss Account,1,,True,One is a period statement and the other a position statement.,financial,2026-27,B.Com,false,,
State any two items that appear on the credit side of a profit and loss account.,Financial Accounting,short_answer,easy,Financial Statements,Profit and Loss Account,2,,Gross profit brought down and other incomes such as discount received or commission received.,,financial,2026-27,B.Com,false,,
Prepaid insurance in a balance sheet is shown as a:,Financial Accounting,mcq,easy,Financial Statements,Balance Sheet Classification,1,Current asset|Current liability|Fixed asset|Contingent liability,A,It is a payment made in advance so it is a short lived asset.,financial,2026-27,B.Com,false,,
Under the order of liquidity the balance sheet lists:,Financial Accounting,mcq,medium,Financial Statements,Balance Sheet Classification,1,Current assets before fixed assets|Fixed assets before current assets|Liabilities before assets|Capital before assets,A,Order of liquidity arranges assets by how quickly they convert to cash.,financial,2026-27,B.Com,false,,
Outstanding wages appear on the liabilities side of the balance sheet.,Financial Accounting,true_false,easy,Financial Statements,Balance Sheet Classification,1,,True,They are an amount owed so they are a current liability.,financial,2026-27,B.Com,false,,
Distinguish between a contingent liability and a current liability.,Financial Accounting,short_answer,medium,Financial Statements,Balance Sheet Classification,2,,A contingent liability may or may not arise depending on a future event and is shown as a footnote while a current liability is a definite obligation due within a year.,,financial,2026-27,B.Com,false,,
A bank reconciliation statement is prepared by:,Financial Accounting,mcq,easy,Bank Reconciliation and Depreciation,Bank Reconciliation Statement,1,The business entity|The bank|The auditor only|The Reserve Bank,A,It is an internal statement reconciling the cash book with the pass book.,financial,2026-27,B.Com,false,,
A cheque issued but not yet presented for payment causes the:,Financial Accounting,mcq,medium,Bank Reconciliation and Depreciation,Bank Reconciliation Statement,1,Pass book balance to be higher than the cash book|Cash book balance to be higher than the pass book|Two balances to be equal|Bank to charge interest,A,The bank has not yet paid so its recorded balance stays higher.,financial,2026-27,B.Com,false,,
Bank charges appearing in the pass book but not in the cash book are added while preparing the statement starting from the cash book balance.,Financial Accounting,true_false,hard,Bank Reconciliation and Depreciation,Bank Reconciliation Statement,1,,False,They reduce the bank balance so they are deducted.,financial,2026-27,B.Com,false,,
State any two causes of difference between the cash book and the pass book.,Financial Accounting,short_answer,easy,Bank Reconciliation and Depreciation,Bank Reconciliation Statement,2,,Cheques issued but not presented and cheques deposited but not cleared; also bank charges or interest recorded only by the bank.,,financial,2026-27,B.Com,false,,
Depreciation on a fixed asset is:,Financial Accounting,mcq,easy,Bank Reconciliation and Depreciation,Depreciation Concepts and Causes,1,A gradual loss of value through use and time|A sudden fall in market price|An expense paid in cash each year|A reserve created out of profit,A,It allocates the cost of the asset over its useful life.,financial,2026-27,B.Com,false,,
Depreciation on buildings is charged even though their market value may rise.,Financial Accounting,true_false,medium,Bank Reconciliation and Depreciation,Depreciation Concepts and Causes,1,,True,Depreciation is about using up the asset's service potential not about market prices.,financial,2026-27,B.Com,false,,
Is depreciation a cash expense?,Financial Accounting,short_answer,easy,Bank Reconciliation and Depreciation,Depreciation Concepts and Causes,2,,No. It is a non cash charge; the cash left the business when the asset was bought.,,financial,2026-27,B.Com,false,,
Explain obsolescence as a cause of depreciation.,Financial Accounting,short_answer,medium,Bank Reconciliation and Depreciation,Depreciation Concepts and Causes,2,,Obsolescence is the loss of usefulness because a newer technology replaces the asset before its physical life ends.,,financial,2026-27,B.Com,false,,
A machine costs 100000 with a scrap value of 10000 and a useful life of 9 years. The annual straight line depreciation is:,Financial Accounting,numerical,medium,Bank Reconciliation and Depreciation,Methods of Depreciation,1,,10000,(Cost - Scrap) / Life = (100000 - 10000) / 9 = 10000 per year.,financial,2026-27,B.Com,false,,
Under the written down value method depreciation is calculated on:,Financial Accounting,mcq,easy,Bank Reconciliation and Depreciation,Methods of Depreciation,1,The book value at the beginning of the year|The original cost every year|The scrap value|The market value,A,So the charge falls every year as the balance reduces.,financial,2026-27,B.Com,false,,
The straight line method charges an equal amount of depreciation every year.,Financial Accounting,true_false,easy,Bank Reconciliation and Depreciation,Methods of Depreciation,1,,True,A fixed percentage of the original cost is charged.,financial,2026-27,B.Com,false,,
Which method of depreciation suits an asset whose usage can be measured in output units?,Financial Accounting,short_answer,easy,Bank Reconciliation and Depreciation,Methods of Depreciation,2,,The units of production method.,,financial,2026-27,B.Com,false,,
An invitation to treat is best illustrated by:,Commercial Law,mcq,easy,Indian Contract Act,Essentials of a Valid Contract,1,An acceptance by phone|Goods displayed in a shop with price tags|A bid at an auction|An offer by letter,B,A display invites customers to make an offer; it is not itself an offer.,commercial,2026-27,B.Com,false,,
Which is NOT an essential of a valid contract?,Commercial Law,mcq,easy,Indian Contract Act,Essentials of a Valid Contract,1,Lawful consideration|Free consent|Lawful object|It must be in writing in every case,D,An oral contract is valid unless a statute requires writing.,commercial,2026-27,B.Com,false,,
An agreement without consideration is generally:,Commercial Law,mcq,medium,Indian Contract Act,Essentials of a Valid Contract,1,Voidable|Illegal|Void|Valid,C,Consideration is essential subject to the exceptions in Section 25.,commercial,2026-27,B.Com,false,,
State any four essentials of a valid contract.,Commercial Law,short_answer,easy,Indian Contract Act,Essentials of a Valid Contract,2,,Offer and acceptance; intention to create legal relations; lawful consideration; capacity of parties; free consent; lawful object; certainty and possibility of performance.,,commercial,2026-27,B.Com,false,,
Consideration must be:,Commercial Law,mcq,easy,Indian Contract Act,Consideration and Capacity,1,Always equal to the value of the promise|Always in money|Always paid in advance|Real and of some value in the eyes of law,D,It need not be adequate but it must be real and lawful.,commercial,2026-27,B.Com,false,,
A minor's agreement is:,Commercial Law,mcq,medium,Indian Contract Act,Consideration and Capacity,1,Void ab initio|Voidable at the minor's option|Valid if the guardian signs|Valid for necessities only,A,The Mohori Bibee case settled that a minor cannot contract.,commercial,2026-27,B.Com,false,,
Past consideration given at the desire of the promisor is valid consideration in India.,Commercial Law,true_false,medium,Indian Contract Act,Consideration and Capacity,1,,True,Section 2(d) expressly includes past consideration.,commercial,2026-27,B.Com,false,,
Who is said to be of sound mind for the purpose of making a contract?,Commercial Law,short_answer,easy,Indian Contract Act,Consideration and Capacity,2,,A person who at the time of making the contract is capable of understanding it and of forming a rational judgement about its effect on his interests.,,commercial,2026-27,B.Com,false,,
Consent obtained by threatening to kill a person amounts to:,Commercial Law,mcq,easy,Indian Contract Act,Free Consent and Discharge,1,Undue influence|Misrepresentation|Mistake|Coercion,D,Coercion is committing or threatening any act forbidden by the IPC.,commercial,2026-27,B.Com,false,,
A false statement of fact made without intent to deceive is:,Commercial Law,mcq,medium,Indian Contract Act,Free Consent and Discharge,1,Undue influence|Misrepresentation|Fraud|Coercion,B,Fraud requires the intention to deceive.,commercial,2026-27,B.Com,false,,
A contract is discharged by performance when both parties do what they promised.,Commercial Law,true_false,easy,Indian Contract Act,Free Consent and Discharge,1,,True,Performance is the most natural mode of discharge.,commercial,2026-27,B.Com,false,,
List any four modes by which a contract is discharged.,Commercial Law,short_answer,medium,Indian Contract Act,Free Consent and Discharge,2,,By performance; by mutual agreement or novation; by lapse of time; by impossibility or frustration; by breach.,,commercial,2026-27,B.Com,false,,
A sale and an agreement to sell differ mainly because in a sale:,Commercial Law,mcq,easy,Sale of Goods,Sale and Agreement to Sell,1,Only possession passes|The price is always unpaid|The goods must be future goods|Property in the goods passes immediately,D,An agreement to sell transfers property at a later date or on a condition.,commercial,2026-27,B.Com,false,,
Goods that exist and are owned by the seller at the time of contract are:,Commercial Law,mcq,easy,Sale of Goods,Sale and Agreement to Sell,1,Future goods|Contingent goods|Ascertained goods only|Existing goods,D,Future goods are yet to be produced or acquired.,commercial,2026-27,B.Com,false,,
In a sale the risk of loss passes to the buyer even if the goods are still with the seller.,Commercial Law,true_false,medium,Sale of Goods,Sale and Agreement to Sell,1,,True,Risk follows ownership unless the parties agree otherwise.,commercial,2026-27,B.Com,false,,
Define sale under the Sale of Goods Act 1930.,Commercial Law,short_answer,easy,Sale of Goods,Sale and Agreement to Sell,2,,A contract where the seller transfers or agrees to transfer the property in goods to the buyer for a price.,,commercial,2026-27,B.Com,false,,
In a sale on approval the property in the goods passes to the buyer when:,Commercial Law,mcq,medium,Sale of Goods,Goods Risk and Transfer of Property,1,The goods are delivered for trial|The price is fixed|The seller issues an invoice|The buyer signifies approval or keeps the goods beyond the trial period,D,Until then the goods remain the seller's and can be returned.,commercial,2026-27,B.Com,false,,
Under the Sale of Goods Act the term goods includes:,Commercial Law,mcq,easy,Sale of Goods,Goods Risk and Transfer of Property,1,Only movable articles|Money that is legal tender|Immovable property|Stocks and shares and growing crops,D,Goods means every kind of movable property other than actionable claims and money.,commercial,2026-27,B.Com,false,,
Unascertained goods can be the subject of an immediate sale.,Commercial Law,true_false,hard,Sale of Goods,Goods Risk and Transfer of Property,1,,False,Property cannot pass until the goods are ascertained.,commercial,2026-27,B.Com,false,,
What is meant by transfer of property in goods?,Commercial Law,short_answer,medium,Sale of Goods,Goods Risk and Transfer of Property,2,,It means the passing of ownership from the seller to the buyer.,,commercial,2026-27,B.Com,false,,
A stipulation essential to the main purpose of the contract is a:,Commercial Law,mcq,easy,Sale of Goods,Conditions and Warranties,1,Condition|Warranty|Representation|Caveat,A,Breach of a condition gives the right to repudiate the contract.,commercial,2026-27,B.Com,false,,
A breach of warranty gives the buyer the right to:,Commercial Law,mcq,medium,Sale of Goods,Conditions and Warranties,1,Claim damages only|Reject the goods|Treat the contract as void|Refuse to pay the price,A,A warranty is collateral so the contract survives.,commercial,2026-27,B.Com,false,,
Caveat emptor means let the buyer beware.,Commercial Law,true_false,easy,Sale of Goods,Conditions and Warranties,1,,True,It is the general rule subject to the implied conditions.,commercial,2026-27,B.Com,false,,
State the implied condition as to merchantable quality.,Commercial Law,short_answer,medium,Sale of Goods,Conditions and Warranties,2,,Goods sold by description must be of merchantable quality i.e. fit for the purpose for which such goods are usually bought.,,commercial,2026-27,B.Com,false,,
How many parties are there in a promissory note?,Commercial Law,mcq,easy,Negotiable Instruments,Promissory Note,1,Three — drawer drawee and payee|One only|Four|Two — maker and payee,D,The maker promises to pay the payee.,commercial,2026-27,B.Com,false,,
A promissory note must be:,Commercial Law,mcq,easy,Negotiable Instruments,Promissory Note,1,Oral and witnessed|Registered|Stamped by a notary|In writing and signed by the maker,D,An oral promise to pay is not a negotiable instrument.,commercial,2026-27,B.Com,false,,
A promissory note requires acceptance by the payee before it becomes valid.,Commercial Law,true_false,medium,Negotiable Instruments,Promissory Note,1,,False,Only a bill of exchange requires acceptance.,commercial,2026-27,B.Com,false,,
Can a promissory note be made payable to the maker himself?,Commercial Law,short_answer,easy,Negotiable Instruments,Promissory Note,2,,No. The maker and the payee cannot be the same person.,,commercial,2026-27,B.Com,false,,
A bill of exchange involves how many parties?,Commercial Law,mcq,easy,Negotiable Instruments,Bill of Exchange and Cheque,1,One|Three — drawer drawee and payee|Two|Four,B,The drawer orders the drawee to pay the payee.,commercial,2026-27,B.Com,false,,
A cheque is always drawn on:,Commercial Law,mcq,easy,Negotiable Instruments,Bill of Exchange and Cheque,1,A specified banker|Any person|The Reserve Bank only|A notary public,A,Section 6 defines a cheque as a bill drawn on a specified banker payable on demand.,commercial,2026-27,B.Com,false,,
A cheque is payable on demand and requires no acceptance.,Commercial Law,true_false,easy,Negotiable Instruments,Bill of Exchange and Cheque,1,,True,Unlike a bill it is never presented for acceptance.,commercial,2026-27,B.Com,false,,
What is meant by dishonour of a cheque?,Commercial Law,short_answer,easy,Negotiable Instruments,Bill of Exchange and Cheque,2,,The bank's refusal to pay the cheque usually for insufficient funds; the drawer can be liable under Section 138.,,commercial,2026-27,B.Com,false,,
A holder in due course must take the instrument:,Commercial Law,mcq,easy,Negotiable Instruments,Holder in Due Course,1,For consideration before maturity and in good faith|After maturity|Without consideration|Only by inheritance,A,Those three conditions give the holder a better title than the transferor.,commercial,2026-27,B.Com,false,,
A holder in due course takes the instrument free from defects in the title of the transferor.,Commercial Law,true_false,medium,Negotiable Instruments,Holder in Due Course,1,,True,That is the main privilege of being a holder in due course.,commercial,2026-27,B.Com,false,,
Crossing a cheque means:,Commercial Law,mcq,medium,Negotiable Instruments,Holder in Due Course,1,Cancelling the cheque|Signing it twice|Endorsing it to a third party|Drawing two parallel lines on its face so it is paid only through a bank,D,Crossing makes payment safer by routing it through a bank account.,commercial,2026-27,B.Com,false,,
Distinguish between a holder and a holder in due course.,Commercial Law,short_answer,medium,Negotiable Instruments,Holder in Due Course,2,,A holder is anyone entitled to possess the instrument and recover the amount due; a holder in due course is a holder who took it for consideration before maturity in good faith and without notice of any defect.,,commercial,2026-27,B.Com,false,,
Which Act did the Consumer Protection Act 2019 replace?,Commercial Law,mcq,easy,Consumer Protection,Consumer Protection Act 2019,1,The Indian Contract Act 1872|The Sale of Goods Act 1930|The Companies Act 2013|The Consumer Protection Act 1986,D,The 2019 Act widened the definition of consumer and added e-commerce.,commercial,2026-27,B.Com,false,,
Under the 2019 Act a person who buys goods for resale is:,Commercial Law,mcq,medium,Consumer Protection,Consumer Protection Act 2019,1,A consumer|A complainant|A beneficiary|Not a consumer,D,Commercial purpose excludes a buyer from the definition.,commercial,2026-27,B.Com,false,,
The Central Consumer Protection Authority was created by the 2019 Act.,Commercial Law,true_false,easy,Consumer Protection,Consumer Protection Act 2019,1,,True,It regulates matters relating to unfair trade practices and false advertising.,commercial,2026-27,B.Com,false,,
State any two changes brought in by the Consumer Protection Act 2019.,Commercial Law,short_answer,medium,Consumer Protection,Consumer Protection Act 2019,2,,Creation of the CCPA; inclusion of e-commerce and telemarketing; wider pecuniary jurisdiction; mediation cells; product liability.,,commercial,2026-27,B.Com,false,,
How many basic consumer rights are recognised in India?,Commercial Law,mcq,easy,Consumer Protection,Consumer Rights,1,Six|Four|Eight|Ten,A,Safety information choice representation redressal and consumer education.,commercial,2026-27,B.Com,false,,
The right to be protected against marketing of hazardous goods is the right to:,Commercial Law,mcq,easy,Consumer Protection,Consumer Rights,1,Safety|Choice|Redressal|Information,A,It is the first of the six rights.,commercial,2026-27,B.Com,false,,
The right to consumer education is one of the recognised consumer rights.,Commercial Law,true_false,easy,Consumer Protection,Consumer Rights,1,,True,It ensures consumers acquire the knowledge to make informed choices.,commercial,2026-27,B.Com,false,,
List the six rights of a consumer.,Commercial Law,short_answer,easy,Consumer Protection,Consumer Rights,2,,Right to safety; right to be informed; right to choose; right to be heard or represented; right to seek redressal; right to consumer education.,,commercial,2026-27,B.Com,false,,
The three tier consumer redressal machinery consists of:,Commercial Law,mcq,easy,Consumer Protection,Consumer Disputes Redressal,1,Lok Adalat and Arbitration only|Police Courts and Magistrates|District State and National Commissions|Civil High and Supreme Courts only,C,Each tier has its own pecuniary and territorial jurisdiction.,commercial,2026-27,B.Com,false,,
Deficiency in service means:,Commercial Law,mcq,medium,Consumer Protection,Consumer Disputes Redressal,1,Only a delay in service|A rude employee|Overcharging alone|Any fault imperfection or inadequacy in the quality or standard of service,D,The definition covers quality nature and manner of performance.,commercial,2026-27,B.Com,false,,
A consumer complaint can be filed only by the consumer who bought the goods personally.,Commercial Law,true_false,medium,Consumer Protection,Consumer Disputes Redressal,1,,False,A recognised voluntary organisation or the government may also complain.,commercial,2026-27,B.Com,false,,
What is an unfair trade practice?,Commercial Law,short_answer,medium,Consumer Protection,Consumer Disputes Redressal,2,,A trade practice that misrepresents the price quality or utility of goods or services to promote sale and causes loss or injury to a consumer.,,commercial,2026-27,B.Com,false,,
The probability of a sure event is:,Business Mathematics,mcq,easy,Probability and Statistics,Probability of Events,1,0|0.5|Infinity|1,D,Probability ranges from 0 for impossible to 1 for certain.,business,2026-27,B.Com,false,,
Two events that cannot occur together are called:,Business Mathematics,mcq,easy,Probability and Statistics,Probability of Events,1,Independent|Exhaustive|Equally likely|Mutually exclusive,D,For them P(A and B) = 0.,business,2026-27,B.Com,false,,
A single die is thrown. The probability of NOT getting a 6 is:,Business Mathematics,mcq,medium,Probability and Statistics,Probability of Events,1,1/36|6/5|5/6|1/6,C,P(not 6) = 1 - 1/6 = 5/6.,business,2026-27,B.Com,false,,
State the classical definition of probability.,Business Mathematics,short_answer,easy,Probability and Statistics,Probability of Events,2,,The ratio of the number of favourable equally likely outcomes to the total number of possible outcomes.,,business,2026-27,B.Com,false,,
The conditional probability of A given B equals:,Business Mathematics,mcq,easy,Probability and Statistics,Bayes Theorem and Conditional Probability,1,P(B) divided by P(A)|P(A and B) divided by P(B)|P(A) multiplied by P(B)|P(A) plus P(B),B,It is the probability of A given that B has occurred.,business,2026-27,B.Com,false,,
Bayes theorem is used to compute:,Business Mathematics,mcq,medium,Probability and Statistics,Bayes Theorem and Conditional Probability,1,A correlation coefficient|A posterior probability from prior probabilities|The mean of grouped data|The variance of a sample,B,It revises a prior belief using new evidence.,business,2026-27,B.Com,false,,
For two dependent events the joint probability equals the probability of the first event multiplied by the conditional probability of the second given the first.,Business Mathematics,true_false,medium,Probability and Statistics,Bayes Theorem and Conditional Probability,1,,True,That is the multiplication rule for dependent events.,business,2026-27,B.Com,false,,
State Bayes theorem in words.,Business Mathematics,short_answer,hard,Probability and Statistics,Bayes Theorem and Conditional Probability,2,,The probability of a cause given an observed effect equals the prior probability of that cause times the probability of the effect given the cause divided by the total probability of the effect.,,business,2026-27,B.Com,false,,
The standard deviation is:,Business Mathematics,mcq,easy,Probability and Statistics,Measures of Dispersion and Central Tendency,1,The square of the variance|The mean of the deviations|The largest deviation|The positive square root of the variance,D,It restores the unit of the original data.,business,2026-27,B.Com,false,,
Which measure of central tendency is not affected by extreme values?,Business Mathematics,mcq,easy,Probability and Statistics,Measures of Dispersion and Central Tendency,1,Weighted mean|Median|Arithmetic mean|Harmonic mean,B,The median depends on position not magnitude.,business,2026-27,B.Com,false,,
The coefficient of variation is expressed as a percentage.,Business Mathematics,true_false,easy,Probability and Statistics,Measures of Dispersion and Central Tendency,1,,True,It is the standard deviation divided by the mean times 100.,business,2026-27,B.Com,false,,
Why is the standard deviation considered the best measure of dispersion?,Business Mathematics,short_answer,medium,Probability and Statistics,Measures of Dispersion and Central Tendency,2,,It uses every observation is rigidly defined is capable of further algebraic treatment and is less affected by sampling fluctuations.,,business,2026-27,B.Com,false,,
In an index number the period against which comparisons are made is the:,Business Mathematics,mcq,easy,Index Numbers,Construction of Index Numbers,1,Base year|Current year|Average year|Reporting year,A,The base year value is taken as 100.,business,2026-27,B.Com,false,,
The simple aggregate price index is the ratio of:,Business Mathematics,mcq,medium,Index Numbers,Construction of Index Numbers,1,The sum of current year prices to the sum of base year prices times 100|The sum of quantities to the sum of prices|The geometric mean of relatives|The average of price relatives divided by 100,A,It is also called the aggregate index method.,business,2026-27,B.Com,false,,
Weights are used in a weighted index number.,Business Mathematics,true_false,easy,Index Numbers,Construction of Index Numbers,1,,True,Weights are usually the base year quantities or values.,business,2026-27,B.Com,false,,
State any two characteristics of an index number.,Business Mathematics,short_answer,easy,Index Numbers,Construction of Index Numbers,2,,It is a relative expressed in percentage form; it measures average change over time or space; it is based on a base period taken as 100.,,business,2026-27,B.Com,false,,
Laspeyres price index uses quantities of the:,Business Mathematics,mcq,easy,Index Numbers,Laspeyres Fisher and Marshalls Indices,1,Current year as weights|Average of both years|Value of imports|Base year as weights,D,Paasche uses current year quantities.,business,2026-27,B.Com,false,,
Fishers ideal index is the geometric mean of the:,Business Mathematics,mcq,medium,Index Numbers,Laspeyres Fisher and Marshalls Indices,1,Price and quantity indices|Base and current indices|Laspeyres and Paasche indices|Simple and weighted indices,C,It satisfies both the time reversal and factor reversal tests.,business,2026-27,B.Com,false,,
Fishers ideal index satisfies the time reversal test.,Business Mathematics,true_false,medium,Index Numbers,Laspeyres Fisher and Marshalls Indices,1,,True,Working forwards and backwards gives a consistent result.,business,2026-27,B.Com,false,,
Why is Fishers index called ideal?,Business Mathematics,short_answer,medium,Index Numbers,Laspeyres Fisher and Marshalls Indices,2,,Because it is based on both years' quantities and it alone satisfies the time reversal and factor reversal tests.,,business,2026-27,B.Com,false,,
The consumer price index is used mainly to measure:,Business Mathematics,mcq,easy,Index Numbers,Uses and Consumer Price Index,1,Government revenue|The change in the cost of living of a group of consumers|Industrial output|Company profits,B,It tracks the prices of a fixed basket of goods and services households buy.,business,2026-27,B.Com,false,,
Dearness allowance to employees is usually revised on the basis of the:,Business Mathematics,mcq,easy,Index Numbers,Uses and Consumer Price Index,1,Index of industrial production|Sensex|Consumer price index|Wholesale price index,C,It offsets inflation in the cost of living.,business,2026-27,B.Com,false,,
A consumer price index is mainly useful for measuring household inflation.,Business Mathematics,true_false,easy,Index Numbers,Uses and Consumer Price Index,1,,True,That is its principal use.,business,2026-27,B.Com,false,,
State any four uses of index numbers.,Business Mathematics,short_answer,medium,Index Numbers,Uses and Consumer Price Index,2,,Measuring inflation; revising wages and dearness allowance; guiding government policy; deflating nominal values to real values; comparing performance across periods or regions.,,business,2026-27,B.Com,false,,
Which is NOT a component of a time series?,Business Mathematics,mcq,easy,Time Series,Components of a Time Series,1,Cross sectional variation|Trend|Seasonal variation|Cyclical variation,A,The four components are trend seasonal cyclical and irregular.,business,2026-27,B.Com,false,,
The component that shows a long term direction in the data is the:,Business Mathematics,mcq,easy,Time Series,Components of a Time Series,1,Cyclical variation|Trend|Seasonal variation|Irregular variation,B,It reflects sustained growth or decline.,business,2026-27,B.Com,false,,
The irregular component of a time series can be predicted accurately.,Business Mathematics,true_false,easy,Time Series,Components of a Time Series,1,,False,It arises from unforeseen events such as floods or strikes.,business,2026-27,B.Com,false,,
Define a time series.,Business Mathematics,short_answer,easy,Time Series,Components of a Time Series,2,,A set of observations of a variable arranged in chronological order at equal time intervals.,,business,2026-27,B.Com,false,,
The moving average method is used to measure the:,Business Mathematics,mcq,easy,Time Series,Trend and Seasonal Variation,1,Cyclical amplitude|Trend|Seasonal index|Irregular component,B,It smooths short term fluctuations to reveal the trend.,business,2026-27,B.Com,false,,
Seasonal variation is measured over a period of:,Business Mathematics,mcq,easy,Time Series,Trend and Seasonal Variation,1,Five years|A business cycle|One year or less|Ten years,C,It repeats regularly within a year.,business,2026-27,B.Com,false,,
An even period moving average requires centring of the values.,Business Mathematics,true_false,medium,Time Series,Trend and Seasonal Variation,1,,True,The average falls between two periods so it is centred by a second two period average.,business,2026-27,B.Com,false,,
State the two commonly used methods of measuring trend.,Business Mathematics,short_answer,easy,Time Series,Trend and Seasonal Variation,2,,The graphic or freehand curve method and the method of least squares fitting a trend line.,,business,2026-27,B.Com,false,,
The business cycle consists of:,Business Mathematics,mcq,easy,Time Series,Business Cycle and Irregular Fluctuations,1,Inflation and deflation|Prosperity recession depression and recovery|Only boom and bust|Trend and seasonality,B,These four phases repeat over several years.,business,2026-27,B.Com,false,,
Cyclical variations are periodic and their period is fixed in advance.,Business Mathematics,true_false,medium,Time Series,Business Cycle and Irregular Fluctuations,1,,False,Each cycle differs in length and amplitude so they are not strictly periodic.,business,2026-27,B.Com,false,,
The business cycle is best described as:,Business Mathematics,mcq,medium,Time Series,Business Cycle and Irregular Fluctuations,1,A sudden jump caused by a disaster|A permanent shift in the level|Fluctuations about the trend over more than a year|A change within one year,C,It is a wave like movement around the long term trend.,business,2026-27,B.Com,false,,
Explain the concept of the business cycle.,Business Mathematics,short_answer,medium,Time Series,Business Cycle and Irregular Fluctuations,2,,It is the recurring rise and fall in economic activity over more than a year passing through prosperity recession depression and recovery phases.,,business,2026-27,B.Com,false,,
In a linear programming problem the objective function must be:,Business Mathematics,mcq,easy,Linear Programming,Formulation of an LPP,1,Constant|Non linear but differentiable|Linear in the decision variables|Quadratic,C,Linearity of both objective and constraints is what makes it an LPP.,business,2026-27,B.Com,false,,
The unknown quantities to be determined in an LPP are the:,Business Mathematics,mcq,easy,Linear Programming,Formulation of an LPP,1,Decision variables|Slack variables|Objective coefficients|Constraints,A,They are the quantities the manager controls.,business,2026-27,B.Com,false,,
The non negativity restriction means the decision variables cannot be negative.,Business Mathematics,true_false,easy,Linear Programming,Formulation of an LPP,1,,True,Quantities produced or purchased cannot be less than zero.,business,2026-27,B.Com,false,,
State the three components of a linear programming problem.,Business Mathematics,short_answer,easy,Linear Programming,Formulation of an LPP,2,,An objective function to be maximised or minimised; a set of linear constraints; and non negativity restrictions on the decision variables.,,business,2026-27,B.Com,false,,
The feasible region of an LPP is:,Business Mathematics,mcq,easy,Linear Programming,Feasible Region and Graphical Method,1,The set of corner points only|The set of points satisfying all constraints simultaneously|The set of optimal points|The area above the objective line,B,It is the common region of all the constraints including non negativity.,business,2026-27,B.Com,false,,
In the graphical method the optimal value occurs at:,Business Mathematics,mcq,medium,Linear Programming,Feasible Region and Graphical Method,1,Any interior point|A corner point of the feasible region|The centre of the region|The origin always,B,That is the corner point theorem.,business,2026-27,B.Com,false,,
The feasible region of a linear programming problem is always a convex set.,Business Mathematics,true_false,medium,Linear Programming,Feasible Region and Graphical Method,1,,True,It is bounded by straight lines so any line segment between two feasible points is feasible.,business,2026-27,B.Com,false,,
State the steps of the graphical method for a two variable LPP.,Business Mathematics,short_answer,medium,Linear Programming,Feasible Region and Graphical Method,2,,Convert each inequality to an equation and plot the lines; identify the half plane satisfying each; find the common feasible region; evaluate the objective function at every corner point; choose the maximum or minimum.,,business,2026-27,B.Com,false,,
Slack variables are added to convert:,Business Mathematics,mcq,easy,Linear Programming,Simplex Method and Slack Variables,1,The objective function into a constraint|Negative variables into positive ones|Less than or equal to constraints into equations|Greater than or equal to constraints into equations,C,They measure unused capacity of a resource.,business,2026-27,B.Com,false,,
The coefficient of a slack variable in the objective function is:,Business Mathematics,mcq,medium,Linear Programming,Simplex Method and Slack Variables,1,One|The same as the decision variable|Negative one|Zero,D,Unused capacity contributes nothing to profit.,business,2026-27,B.Com,false,,
The simplex method moves from one basic feasible solution to a better one until optimality is reached.,Business Mathematics,true_false,medium,Linear Programming,Simplex Method and Slack Variables,1,,True,Each iteration improves the objective value.,business,2026-27,B.Com,false,,
What is a basic feasible solution?,Business Mathematics,short_answer,medium,Linear Programming,Simplex Method and Slack Variables,2,,A solution obtained by setting the non basic variables to zero that satisfies all constraints and the non negativity conditions.,,business,2026-27,B.Com,false,,
The law of demand states that other things remaining the same:,Economics,mcq,easy,Demand and Supply,Law of Demand,1,Quantity demanded rises when price falls|Quantity demanded rises when price rises|Demand equals supply at every price|Price is determined by income,A,There is an inverse relation between price and quantity demanded.,economics,2026-27,B.Com,false,,
The demand curve normally slopes:,Economics,mcq,easy,Demand and Supply,Law of Demand,1,Downward from left to right|Upward from left to right|Vertically|Horizontally,A,Reflecting the inverse price quantity relation.,economics,2026-27,B.Com,false,,
Which is an exception to the law of demand?,Economics,mcq,medium,Demand and Supply,Law of Demand,1,Giffen goods|Normal goods|Substitute goods|Complementary goods,A,For a Giffen good demand rises as price rises.,economics,2026-27,B.Com,false,,
State any two assumptions of the law of demand.,Economics,short_answer,easy,Demand and Supply,Law of Demand,2,,No change in consumer income; no change in the prices of related goods; no change in tastes; no expectation of future price change.,,economics,2026-27,B.Com,false,,
Price elasticity of demand is measured as:,Economics,mcq,easy,Demand and Supply,Elasticity of Demand,1,Quantity demanded divided by price|The slope of the supply curve|Percentage change in quantity demanded divided by percentage change in price|Change in price divided by change in quantity,C,It measures responsiveness of demand to a price change.,economics,2026-27,B.Com,false,,
Demand for a necessity tends to be:,Economics,mcq,easy,Demand and Supply,Elasticity of Demand,1,Perfectly elastic|Unitary|Inelastic|Elastic,C,Consumers keep buying it even when the price rises.,economics,2026-27,B.Com,false,,
A perfectly inelastic demand curve is a vertical straight line.,Economics,true_false,easy,Demand and Supply,Elasticity of Demand,1,,True,Quantity does not respond at all to price.,economics,2026-27,B.Com,false,,
Perfectly elastic demand has a price elasticity of:,Economics,short_answer,easy,Demand and Supply,Elasticity of Demand,2,,Infinity. A horizontal demand curve where any price rise reduces quantity demanded to zero.,,economics,2026-27,B.Com,false,,
Market equilibrium occurs where:,Economics,mcq,easy,Demand and Supply,Market Equilibrium and Shifts,1,Quantity demanded equals quantity supplied|Price is lowest|Supply is greatest|Total revenue is maximum,A,There is no tendency for the price to change at that point.,economics,2026-27,B.Com,false,,
An increase in supply with unchanged demand causes the equilibrium price to:,Economics,mcq,easy,Demand and Supply,Market Equilibrium and Shifts,1,Stay the same|Become indeterminate|Fall|Rise,C,A surplus at the old price pushes it down.,economics,2026-27,B.Com,false,,
A shift of the demand curve is caused by a change in:,Economics,mcq,medium,Demand and Supply,Market Equilibrium and Shifts,1,The price of the good itself|The quantity supplied|The cost of production|Consumer income,D,A change in the good's own price causes a movement along the curve not a shift.,economics,2026-27,B.Com,false,,
Distinguish between a movement along the demand curve and a shift of the demand curve.,Economics,short_answer,medium,Demand and Supply,Market Equilibrium and Shifts,2,,A movement along is caused by a change in the price of the good itself and changes quantity demanded; a shift is caused by a change in a determinant such as income or tastes and changes demand at every price.,,economics,2026-27,B.Com,false,,
The income method computes national income by adding:,Economics,mcq,easy,National Income,Methods of Measuring National Income,1,Exports minus imports|Compensation of employees operating surplus and net factor income from abroad|Consumption investment and government spending|Value added by all firms,B,It sums the factor incomes generated in production.,economics,2026-27,B.Com,false,,
The expenditure method expresses national income as:,Economics,mcq,easy,National Income,Methods of Measuring National Income,1,W plus R plus I plus P|Output minus intermediate consumption|GDP minus depreciation|C plus I plus G plus net exports,D,It sums final expenditure on goods and services.,economics,2026-27,B.Com,false,,
The value added method avoids the problem of:,Economics,mcq,medium,National Income,Methods of Measuring National Income,1,Black money|Non monetised output|Double counting|Transfer payments,C,Only the value added at each stage is counted.,economics,2026-27,B.Com,false,,
List any three problems in the measurement of national income.,Economics,short_answer,medium,National Income,Methods of Measuring National Income,2,,Double counting; non monetised subsistence output; black money; lack of reliable data; transfer payments being wrongly included.,,economics,2026-27,B.Com,false,,
GNP at market prices equals GDP at market prices plus:,Economics,mcq,easy,National Income,GDP GNP and Per Capita Income,1,Subsidies|Net factor income from abroad|Net indirect taxes|Depreciation,B,GNP counts income earned by nationals wherever located.,economics,2026-27,B.Com,false,,
GDP at factor cost is obtained from GDP at market prices by:,Economics,mcq,medium,National Income,GDP GNP and Per Capita Income,1,Adding depreciation|Subtracting net factor income from abroad|Subtracting net indirect taxes|Adding net indirect taxes,C,Net indirect taxes are indirect taxes less subsidies.,economics,2026-27,B.Com,false,,
Per capita income is national income divided by population.,Economics,true_false,easy,National Income,GDP GNP and Per Capita Income,1,,True,It is the average income per person.,economics,2026-27,B.Com,false,,
Distinguish between GDP and GNP.,Economics,short_answer,easy,National Income,GDP GNP and Per Capita Income,2,,GDP measures the value of final goods produced within the domestic territory while GNP adds net factor income from abroad so it measures income of the nationals.,,economics,2026-27,B.Com,false,,
Which of the following is EXCLUDED from national income?,Economics,mcq,easy,National Income,Measurement Problems,1,Old age pension|Salary of a teacher|Rent of a house|Interest on a loan,A,A pension is a transfer payment with no current production behind it.,economics,2026-27,B.Com,false,,
The problem of double counting is avoided by:,Economics,mcq,medium,National Income,Measurement Problems,1,Using only the income method|Counting only value added at each stage|Counting every transaction twice|Ignoring intermediate goods prices,B,Alternatively only final goods are counted.,economics,2026-27,B.Com,false,,
Unpaid household work is included in the national income of India.,Economics,true_false,medium,National Income,Measurement Problems,1,,False,It is a non monetised service and is left out.,economics,2026-27,B.Com,false,,
Explain why non monetised sectors create a problem in measuring national income.,Economics,short_answer,medium,National Income,Measurement Problems,2,,In subsistence farming and household production goods and services are not sold so no market price exists and their contribution is under recorded.,,economics,2026-27,B.Com,false,,
Which is the primary function of money?,Economics,mcq,easy,Money and Banking,Functions and Kinds of Money,1,Store of value|Standard of deferred payment|Unit of account|Medium of exchange,D,It removes the need for a double coincidence of wants.,economics,2026-27,B.Com,false,,
Fiat money is money that:,Economics,mcq,easy,Money and Banking,Functions and Kinds of Money,1,Has value only by government decree|Is made of gold|Can be exchanged for bullion|Is used only in barter,A,Its face value far exceeds its material value.,economics,2026-27,B.Com,false,,
Money acting as a store of value allows purchasing power to be saved for the future.,Economics,true_false,easy,Money and Banking,Functions and Kinds of Money,1,,True,That is one of its secondary functions.,economics,2026-27,B.Com,false,,
State the four functions of money.,Economics,short_answer,easy,Money and Banking,Functions and Kinds of Money,2,,Medium of exchange; measure of value or unit of account; store of value; standard of deferred payments.,,economics,2026-27,B.Com,false,,
The central bank of India is:,Economics,mcq,easy,Money and Banking,Central Bank and Commercial Banks,1,NABARD|The Ministry of Finance|The Reserve Bank of India|The State Bank of India,C,It was established in 1935 and nationalised in 1949.,economics,2026-27,B.Com,false,,
The monopoly of issuing currency notes in India rests with:,Economics,mcq,easy,Money and Banking,Central Bank and Commercial Banks,1,The Reserve Bank of India|Commercial banks|The Central Government directly|The Securities and Exchange Board,A,One rupee notes and coins are issued by the Government.,economics,2026-27,B.Com,false,,
The Reserve Bank of India accepts deposits from the general public.,Economics,true_false,easy,Money and Banking,Central Bank and Commercial Banks,1,,False,It deals with banks and the government not with the public.,economics,2026-27,B.Com,false,,
State any three functions of a central bank.,Economics,short_answer,easy,Money and Banking,Central Bank and Commercial Banks,2,,Issue of currency; banker to the government; banker's bank and supervisor; custodian of foreign exchange reserves; controller of credit.,,economics,2026-27,B.Com,false,,
The cash reserve ratio is the portion of deposits that banks must keep with:,Economics,mcq,easy,Money and Banking,Monetary Policy and Credit Creation,1,The Central Government|Other commercial banks|The Reserve Bank of India as cash|Their own vaults only,C,It earns no interest and is a tool of credit control.,economics,2026-27,B.Com,false,,
An increase in the repo rate usually:,Economics,mcq,medium,Money and Banking,Monetary Policy and Credit Creation,1,Makes borrowing costlier for banks and contracts credit|Expands credit|Has no effect on lending|Reduces the cash reserve ratio,A,It is a contractionary monetary policy measure.,economics,2026-27,B.Com,false,,
Credit creation by commercial banks is limited by the cash reserve ratio.,Economics,true_false,medium,Money and Banking,Monetary Policy and Credit Creation,1,,True,A higher reserve ratio lowers the credit multiplier.,economics,2026-27,B.Com,false,,
Explain the credit creation function of commercial banks.,Economics,short_answer,hard,Money and Banking,Monetary Policy and Credit Creation,2,,Banks lend out a part of their deposits keeping only the required reserve; the loan is credited to a deposit account which is spent and returns to the banking system as fresh deposits; the process repeats so total deposits become a multiple of the initial deposit.,,economics,2026-27,B.Com,false,,
A country has a comparative advantage in producing a good when its:,Economics,mcq,easy,International Trade,Comparative Advantage and Free Trade,1,Output is largest|Wage rate is highest|Opportunity cost of producing that good is lower|Absolute cost is lowest,C,David Ricardo's theory explains trade even without absolute advantage.,economics,2026-27,B.Com,false,,
The Heckscher Ohlin theory explains trade on the basis of:,Economics,mcq,medium,International Trade,Comparative Advantage and Free Trade,1,Technology alone|Transport costs|Government policy|Factor endowments,D,A country exports goods that use its abundant factor intensively.,economics,2026-27,B.Com,false,,
Free trade allows each country to specialise according to comparative advantage.,Economics,true_false,easy,International Trade,Comparative Advantage and Free Trade,1,,True,Specialisation raises total world output.,economics,2026-27,B.Com,false,,
Distinguish between free trade and protectionism.,Economics,short_answer,medium,International Trade,Comparative Advantage and Free Trade,2,,Free trade allows goods to move across borders without restrictions while protectionism uses tariffs quotas and subsidies to restrict imports and shield domestic producers.,,economics,2026-27,B.Com,false,,
The balance of payments records:,Economics,mcq,easy,International Trade,Balance of Payments and Exchange Rates,1,Only capital flows|All economic transactions between residents and the rest of the world|Only visible trade|Only government transactions,B,It has a current account and a capital account.,economics,2026-27,B.Com,false,,
The current account of the balance of payments records:,Economics,mcq,medium,International Trade,Balance of Payments and Exchange Rates,1,Changes in foreign exchange reserves|Trade in goods and services plus income and transfers|Foreign direct investment|Loans from abroad,B,Investment and loans belong to the capital account.,economics,2026-27,B.Com,false,,
A depreciation of the rupee makes Indian exports cheaper for foreign buyers.,Economics,true_false,medium,International Trade,Balance of Payments and Exchange Rates,1,,True,It tends to encourage exports and discourage imports.,economics,2026-27,B.Com,false,,
When is the balance of payments said to be in equilibrium?,Economics,short_answer,medium,International Trade,Balance of Payments and Exchange Rates,2,,When autonomous receipts from the rest of the world equal autonomous payments so no change in official reserves is needed.,,economics,2026-27,B.Com,false,,
A tax levied on imported goods is called:,Economics,mcq,easy,International Trade,Trade Policy and International Institutions,1,A subsidy|A tariff|A quota|An excise duty,B,It raises the price of imports to protect domestic producers.,economics,2026-27,B.Com,false,,
The World Trade Organization was established in:,Economics,mcq,easy,International Trade,Trade Policy and International Institutions,1,1945|1991|2001|1995,D,It replaced GATT and is based in Geneva.,economics,2026-27,B.Com,false,,
A quota is a quantitative limit on the amount of a good that may be imported.,Economics,true_false,easy,International Trade,Trade Policy and International Institutions,1,,True,It restricts quantity rather than price.,economics,2026-27,B.Com,false,,
State any two functions of the World Trade Organization.,Economics,short_answer,medium,International Trade,Trade Policy and International Institutions,2,,Administering trade agreements; providing a forum for trade negotiations; settling trade disputes; reviewing national trade policies.,,economics,2026-27,B.Com,false,,
